head_id,head_label,relation_id,relation_label,tail_id,tail_label,score
299,贾政,69,次子,299,贾政,-5.5338073
299,贾政,69,次子,287,贾宝玉,-7.1313124
299,贾政,69,次子,232,紫鹃,-7.182952
299,贾政,69,次子,293,贾府做饭,-7.439121
299,贾政,69,次子,233,绛珠仙子,-7.4970703
299,贾政,69,次子,31,冯渊,-7.5004
299,贾政,69,次子,117,度恨菩提,-7.535398
299,贾政,69,次子,42,卜世仁,-7.6321483
299,贾政,69,次子,112,尤老娘,-7.660932
299,贾政,69,次子,360,金彩,-7.7481523
